,publishedAt,channelId,title,description,thumbnails,channelTitle,liveBroadcastContent,publishTime,videoID,embeds,category
63,2026-07-25T03:22:07Z,UC2rmgVaijnf92nixlIZWGmg,Why Do Black People Deny Being African?......A Vic Mensa Response 📱,"Why do some Black people deny being African, even when Africa remains central to our history, culture, identity, and collective ...","{'default': {'url': 'https://i.ytimg.com/vi/lpaDfpCjfpk/default.jpg', 'width': 120, 'height': 90}, 'medium': {'url': 'https://i.ytimg.com/vi/lpaDfpCjfpk/mqdefault.jpg', 'width': 320, 'height': 180}, 'high': {'url': 'https://i.ytimg.com/vi/lpaDfpCjfpk/hqdefault.jpg', 'width': 480, 'height': 360}}",Search For Uhuru,none,2026-07-25T03:22:07Z,lpaDfpCjfpk,"<iframe width=""480"" height=""270"" src=""//www.youtube.com/embed/lpaDfpCjfpk"" frameborder=""0"" allow=""accelerometer; autoplay; clipboard-write; encrypted-media; gyroscope; picture-in-picture; web-share"" referrerpolicy=""strict-origin-when-cross-origin"" allowfullscreen></iframe>",Travel
47,2026-07-25T03:07:10Z,UCyRi9CRrBDeTITC211YfcMg,Black Women Exposed On What They Really Think About Men,"Have Black men and Black women been conditioned to see each other through the worst possible stereotypes? In this video, I ...","{'default': {'url': 'https://i.ytimg.com/vi/Buhr31xeA_8/default.jpg', 'width': 120, 'height': 90}, 'medium': {'url': 'https://i.ytimg.com/vi/Buhr31xeA_8/mqdefault.jpg', 'width': 320, 'height': 180}, 'high': {'url': 'https://i.ytimg.com/vi/Buhr31xeA_8/hqdefault.jpg', 'width': 480, 'height': 360}}",Pan African Updates & Reactions,none,2026-07-25T03:07:10Z,Buhr31xeA_8,"<iframe width=""480"" height=""270"" src=""//www.youtube.com/embed/Buhr31xeA_8"" frameborder=""0"" allow=""accelerometer; autoplay; clipboard-write; encrypted-media; gyroscope; picture-in-picture; web-share"" referrerpolicy=""strict-origin-when-cross-origin"" allowfullscreen></iframe>",Social Issues
46,2026-07-25T03:00:32Z,UCbB_WVM-e7nuhWd_FB_8KBQ,"₦500,000: Beverly Naya Highest Grossing Nollywood Actor | One54 Africa Podcast",That was a really powerful moment for my career because it paid off at that point.” - Beverly #beverlynaya #nollywoodmovies ...,"{'default': {'url': 'https://i.ytimg.com/vi/Ekpw9pJz9bo/default.jpg', 'width': 120, 'height': 90}, 'medium': {'url': 'https://i.ytimg.com/vi/Ekpw9pJz9bo/mqdefault.jpg', 'width': 320, 'height': 180}, 'high': {'url': 'https://i.ytimg.com/vi/Ekpw9pJz9bo/hqdefault.jpg', 'width': 480, 'height': 360}}",One54 Africa,none,2026-07-25T03:00:32Z,Ekpw9pJz9bo,"<iframe width=""480"" height=""270"" src=""//www.youtube.com/embed/Ekpw9pJz9bo"" frameborder=""0"" allow=""accelerometer; autoplay; clipboard-write; encrypted-media; gyroscope; picture-in-picture; web-share"" referrerpolicy=""strict-origin-when-cross-origin"" allowfullscreen></iframe>",Social Issues
73,2026-07-25T01:49:25Z,UCQQbETzZZ86V8gRV63IhRRQ,Prison ≠ Justice,"Some people need to be locked away. I don't struggle with that. What I struggle with is this idea that once the cell door closes, we ...","{'default': {'url': 'https://i.ytimg.com/vi/UgLZRckOmrA/default.jpg', 'width': 120, 'height': 90}, 'medium': {'url': 'https://i.ytimg.com/vi/UgLZRckOmrA/mqdefault.jpg', 'width': 320, 'height': 180}, 'high': {'url': 'https://i.ytimg.com/vi/UgLZRckOmrA/hqdefault.jpg', 'width': 480, 'height': 360}}",Ashley B,none,2026-07-25T01:49:25Z,UgLZRckOmrA,"<iframe width=""480"" height=""270"" src=""//www.youtube.com/embed/UgLZRckOmrA"" frameborder=""0"" allow=""accelerometer; autoplay; clipboard-write; encrypted-media; gyroscope; picture-in-picture; web-share"" referrerpolicy=""strict-origin-when-cross-origin"" allowfullscreen></iframe>",History
1,2026-07-25T01:02:40Z,UCKZGcrxRAhdUi58Mdr565mw,Jackson County DA Angel McIlrath Started Splaining Why Info On Nolan Wells Is So Slow,"African Diaspora News Channel, founded by Phillip Scott, is human-led, Black-centered media committed to speaking truth to ...","{'default': {'url': 'https://i.ytimg.com/vi/gwFACQzH9RU/default.jpg', 'width': 120, 'height': 90}, 'medium': {'url': 'https://i.ytimg.com/vi/gwFACQzH9RU/mqdefault.jpg', 'width': 320, 'height': 180}, 'high': {'url': 'https://i.ytimg.com/vi/gwFACQzH9RU/hqdefault.jpg', 'width': 480, 'height': 360}}",African Diaspora News Channel,none,2026-07-25T01:02:40Z,gwFACQzH9RU,"<iframe width=""480"" height=""270"" src=""//www.youtube.com/embed/gwFACQzH9RU"" frameborder=""0"" allow=""accelerometer; autoplay; clipboard-write; encrypted-media; gyroscope; picture-in-picture; web-share"" referrerpolicy=""strict-origin-when-cross-origin"" allowfullscreen></iframe>",Current Events
42,2026-07-25T00:45:29Z,UCwbP4USYrniJGROwQNiwH-Q,This Is Why WOMEN ARE LOST! Woman Follows The 4 F&#39;s,"Husband's NEW Singles Here: Purchase HERE: https://paigeandderson.bandcamp.com/track/lifetime-3 Hey Loves, Make Sure ...","{'default': {'url': 'https://i.ytimg.com/vi/oLBT1jjadLY/default.jpg', 'width': 120, 'height': 90}, 'medium': {'url': 'https://i.ytimg.com/vi/oLBT1jjadLY/mqdefault.jpg', 'width': 320, 'height': 180}, 'high': {'url': 'https://i.ytimg.com/vi/oLBT1jjadLY/hqdefault.jpg', 'width': 480, 'height': 360}}",DeeDeesReactions,none,2026-07-25T00:45:29Z,oLBT1jjadLY,"<iframe width=""480"" height=""270"" src=""//www.youtube.com/embed/oLBT1jjadLY"" frameborder=""0"" allow=""accelerometer; autoplay; clipboard-write; encrypted-media; gyroscope; picture-in-picture; web-share"" referrerpolicy=""strict-origin-when-cross-origin"" allowfullscreen></iframe>",Social Issues
49,2026-07-25T00:44:15Z,UCxon93J-q95HA-V5TzTauig,FBA Says &quot;We Don&#39;t Look African&quot;... This Viral Clip Tells a Different Story,"A viral moment has reignited the debate over identity, ancestry, and the relationship between Foundational Black Americans ...","{'default': {'url': 'https://i.ytimg.com/vi/3QuvPz5VuWo/default.jpg', 'width': 120, 'height': 90}, 'medium': {'url': 'https://i.ytimg.com/vi/3QuvPz5VuWo/mqdefault.jpg', 'width': 320, 'height': 180}, 'high': {'url': 'https://i.ytimg.com/vi/3QuvPz5VuWo/hqdefault.jpg', 'width': 480, 'height': 360}}",The Drazzy Show,none,2026-07-25T00:44:15Z,3QuvPz5VuWo,"<iframe width=""480"" height=""270"" src=""//www.youtube.com/embed/3QuvPz5VuWo"" frameborder=""0"" allow=""accelerometer; autoplay; clipboard-write; encrypted-media; gyroscope; picture-in-picture; web-share"" referrerpolicy=""strict-origin-when-cross-origin"" allowfullscreen></iframe>",Social Issues
2,2026-07-25T00:38:35Z,UCiinSjWS3E0vtAa3DCvp7iA,"&#39;F*CK MPD!&#39;: Third night of protests for Corey Ruiz in Madison, WI","BREAKING: Thousands in Madison, Wisconsin are taking the streets for the third consecutive night following the police killing of ...","{'default': {'url': 'https://i.ytimg.com/vi/gCUBoevy4jE/default.jpg', 'width': 120, 'height': 90}, 'medium': {'url': 'https://i.ytimg.com/vi/gCUBoevy4jE/mqdefault.jpg', 'width': 320, 'height': 180}, 'high': {'url': 'https://i.ytimg.com/vi/gCUBoevy4jE/hqdefault.jpg', 'width': 480, 'height': 360}}",BreakThrough News,none,2026-07-25T00:38:35Z,gCUBoevy4jE,"<iframe width=""480"" height=""270"" src=""//www.youtube.com/embed/gCUBoevy4jE"" frameborder=""0"" allow=""accelerometer; autoplay; clipboard-write; encrypted-media; gyroscope; picture-in-picture; web-share"" referrerpolicy=""strict-origin-when-cross-origin"" allowfullscreen></iframe>",Current Events
43,2026-07-25T00:02:34Z,UCwZ2vurIl_X8rv0Dv4mu12A,Is your job the reason you&#39;re overweight ?????,ineverknewtv #overweight #weightloss #sleep.,"{'default': {'url': 'https://i.ytimg.com/vi/WA91e5-CrJY/default.jpg', 'width': 120, 'height': 90}, 'medium': {'url': 'https://i.ytimg.com/vi/WA91e5-CrJY/mqdefault.jpg', 'width': 320, 'height': 180}, 'high': {'url': 'https://i.ytimg.com/vi/WA91e5-CrJY/hqdefault.jpg', 'width': 480, 'height': 360}}",I Never Knew Tv,none,2026-07-25T00:02:34Z,WA91e5-CrJY,"<iframe width=""480"" height=""270"" src=""//www.youtube.com/embed/WA91e5-CrJY"" frameborder=""0"" allow=""accelerometer; autoplay; clipboard-write; encrypted-media; gyroscope; picture-in-picture; web-share"" referrerpolicy=""strict-origin-when-cross-origin"" allowfullscreen></iframe>",Social Issues
17,2026-07-25T00:00:19Z,UCABZ7Z6SBTp4IsARDceOq7w,Dave Chapppelle ‘Predicted’ Nolan Wells ‘White Friends’ Wouldn’t Be Arrested? - HP News ,https://hypersclub.com - As new updates continue in regards to the latest on Nolan Wells's mysterious passing. We look back at a ...,"{'default': {'url': 'https://i.ytimg.com/vi/cev-sfsFQeE/default.jpg', 'width': 120, 'height': 90}, 'medium': {'url': 'https://i.ytimg.com/vi/cev-sfsFQeE/mqdefault.jpg', 'width': 320, 'height': 180}, 'high': {'url': 'https://i.ytimg.com/vi/cev-sfsFQeE/hqdefault.jpg', 'width': 480, 'height': 360}}",HYPE+,none,2026-07-25T00:00:19Z,cev-sfsFQeE,"<iframe width=""480"" height=""270"" src=""//www.youtube.com/embed/cev-sfsFQeE"" frameborder=""0"" allow=""accelerometer; autoplay; clipboard-write; encrypted-media; gyroscope; picture-in-picture; web-share"" referrerpolicy=""strict-origin-when-cross-origin"" allowfullscreen></iframe>",Entertainment
32,2026-07-24T22:13:52Z,UCjBw2SidW7wFElbmj9bgDjw,Are Western Europeans appropriating GREEK history?,TKM Members Academy: https://www.tkmedu.com/academy Patreon: patreon.com/kingsmonologue Subscribe to TKM: ...,"{'default': {'url': 'https://i.ytimg.com/vi/zLBDbH7YqeA/default.jpg', 'width': 120, 'height': 90}, 'medium': {'url': 'https://i.ytimg.com/vi/zLBDbH7YqeA/mqdefault.jpg', 'width': 320, 'height': 180}, 'high': {'url': 'https://i.ytimg.com/vi/zLBDbH7YqeA/hqdefault.jpg', 'width': 480, 'height': 360}}",The Kings Monologue,none,2026-07-24T22:13:52Z,zLBDbH7YqeA,"<iframe width=""480"" height=""270"" src=""//www.youtube.com/embed/zLBDbH7YqeA"" frameborder=""0"" allow=""accelerometer; autoplay; clipboard-write; encrypted-media; gyroscope; picture-in-picture; web-share"" referrerpolicy=""strict-origin-when-cross-origin"" allowfullscreen></iframe>",History
25,2026-07-24T22:00:34Z,UCC0XWOgSBcwNstXbPX2cbpg,WHlTE People Are Raged &amp; FURI0US That Black People Are Not Sacred of SEGREGATI0N.,"For copyright matters, takedown, or complaint please contact: historicalafrika@gmail.com Imagine living in a country where the ...","{'default': {'url': 'https://i.ytimg.com/vi/7Bm6AEy36ys/default.jpg', 'width': 120, 'height': 90}, 'medium': {'url': 'https://i.ytimg.com/vi/7Bm6AEy36ys/mqdefault.jpg', 'width': 320, 'height': 180}, 'high': {'url': 'https://i.ytimg.com/vi/7Bm6AEy36ys/hqdefault.jpg', 'width': 480, 'height': 360}}",Historical Africa,none,2026-07-24T22:00:34Z,7Bm6AEy36ys,"<iframe width=""480"" height=""270"" src=""//www.youtube.com/embed/7Bm6AEy36ys"" frameborder=""0"" allow=""accelerometer; autoplay; clipboard-write; encrypted-media; gyroscope; picture-in-picture; web-share"" referrerpolicy=""strict-origin-when-cross-origin"" allowfullscreen></iframe>",History
16,2026-07-24T22:00:23Z,UCv8G-xZ_BBGufjbN6jbvLMQ,L.A. Gave Me Road Rage - Comedian John Grimes - Chocolate Sundaes Stand Up Comedy,Driving in Los Angeles will send you on a rampage. Follow John Grimes on social media: @mrtanpanda Filmed 6/14/26 ...,"{'default': {'url': 'https://i.ytimg.com/vi/DUtzu0EdlxE/default.jpg', 'width': 120, 'height': 90}, 'medium': {'url': 'https://i.ytimg.com/vi/DUtzu0EdlxE/mqdefault.jpg', 'width': 320, 'height': 180}, 'high': {'url': 'https://i.ytimg.com/vi/DUtzu0EdlxE/hqdefault.jpg', 'width': 480, 'height': 360}}",Chocolate Sundaes Comedy,none,2026-07-24T22:00:23Z,DUtzu0EdlxE,"<iframe width=""480"" height=""270"" src=""//www.youtube.com/embed/DUtzu0EdlxE"" frameborder=""0"" allow=""accelerometer; autoplay; clipboard-write; encrypted-media; gyroscope; picture-in-picture; web-share"" referrerpolicy=""strict-origin-when-cross-origin"" allowfullscreen></iframe>",Entertainment
11,2026-07-24T22:00:06Z,UCeUtB7lGgo5ZVIVzqELT-1A,BREAKING! MTG REVEALS Congress Trick!,Find More Sabby Clips Here: ...,"{'default': {'url': 'https://i.ytimg.com/vi/ug45sEcx9ks/default.jpg', 'width': 120, 'height': 90}, 'medium': {'url': 'https://i.ytimg.com/vi/ug45sEcx9ks/mqdefault.jpg', 'width': 320, 'height': 180}, 'high': {'url': 'https://i.ytimg.com/vi/ug45sEcx9ks/hqdefault.jpg', 'width': 480, 'height': 360}}",Sabby Sabs,none,2026-07-24T22:00:06Z,ug45sEcx9ks,"<iframe width=""480"" height=""270"" src=""//www.youtube.com/embed/ug45sEcx9ks"" frameborder=""0"" allow=""accelerometer; autoplay; clipboard-write; encrypted-media; gyroscope; picture-in-picture; web-share"" referrerpolicy=""strict-origin-when-cross-origin"" allowfullscreen></iframe>",Current Events
18,2026-07-24T20:53:50Z,UCLuYADJ6hESLHX87JnsGbjA,The Canadian Stereotype 🇨🇦,,"{'default': {'url': 'https://i.ytimg.com/vi/0bTccBZtN3c/default.jpg', 'width': 120, 'height': 90}, 'medium': {'url': 'https://i.ytimg.com/vi/0bTccBZtN3c/mqdefault.jpg', 'width': 320, 'height': 180}, 'high': {'url': 'https://i.ytimg.com/vi/0bTccBZtN3c/hqdefault.jpg', 'width': 480, 'height': 360}}",Josh Johnson,none,2026-07-24T20:53:50Z,0bTccBZtN3c,"<iframe width=""480"" height=""270"" src=""//www.youtube.com/embed/0bTccBZtN3c"" frameborder=""0"" allow=""accelerometer; autoplay; clipboard-write; encrypted-media; gyroscope; picture-in-picture; web-share"" referrerpolicy=""strict-origin-when-cross-origin"" allowfullscreen></iframe>",Entertainment
7,2026-07-24T20:00:39Z,UCKLSjhp6XZUEYDT1DMcrj8w,US PANICS as Mali REJECTS Secret Strike Talks With,BREAKING NEWS! Mali has publicly pushed back against reports of possible U.S. military strikes on its territory. Malian Foreign ...,"{'default': {'url': 'https://i.ytimg.com/vi/-obSfr4Ga5Q/default.jpg', 'width': 120, 'height': 90}, 'medium': {'url': 'https://i.ytimg.com/vi/-obSfr4Ga5Q/mqdefault.jpg', 'width': 320, 'height': 180}, 'high': {'url': 'https://i.ytimg.com/vi/-obSfr4Ga5Q/hqdefault.jpg', 'width': 480, 'height': 360}}",Make Afrika Great ,none,2026-07-24T20:00:39Z,-obSfr4Ga5Q,"<iframe width=""480"" height=""270"" src=""//www.youtube.com/embed/-obSfr4Ga5Q"" frameborder=""0"" allow=""accelerometer; autoplay; clipboard-write; encrypted-media; gyroscope; picture-in-picture; web-share"" referrerpolicy=""strict-origin-when-cross-origin"" allowfullscreen></iframe>",Current Events
74,2026-07-24T19:00:13Z,UCy5RUsCuTjO4iJF0lQUPTGw,The End of My Property Investing Era!,,"{'default': {'url': 'https://i.ytimg.com/vi/a6FT36zsBHU/default.jpg', 'width': 120, 'height': 90}, 'medium': {'url': 'https://i.ytimg.com/vi/a6FT36zsBHU/mqdefault.jpg', 'width': 320, 'height': 180}, 'high': {'url': 'https://i.ytimg.com/vi/a6FT36zsBHU/hqdefault.jpg', 'width': 480, 'height': 360}}",Building Wealth Without Borders,none,2026-07-24T19:00:13Z,a6FT36zsBHU,"<iframe width=""480"" height=""270"" src=""//www.youtube.com/embed/a6FT36zsBHU"" frameborder=""0"" allow=""accelerometer; autoplay; clipboard-write; encrypted-media; gyroscope; picture-in-picture; web-share"" referrerpolicy=""strict-origin-when-cross-origin"" allowfullscreen></iframe>",Productivity
4,2026-07-24T18:42:26Z,UCzuqE7-t13O4NIDYJfakrhw,Trump says Saudi Arabia must recognize Israel to close nuclear deal,The status of a newly signed U.S.-Saudi nuclear deal is in question after President Trump made the surprise announcement that ...,"{'default': {'url': 'https://i.ytimg.com/vi/ecaemDcno4g/default.jpg', 'width': 120, 'height': 90}, 'medium': {'url': 'https://i.ytimg.com/vi/ecaemDcno4g/mqdefault.jpg', 'width': 320, 'height': 180}, 'high': {'url': 'https://i.ytimg.com/vi/ecaemDcno4g/hqdefault.jpg', 'width': 480, 'height': 360}}",Democracy Now!,none,2026-07-24T18:42:26Z,ecaemDcno4g,"<iframe width=""480"" height=""270"" src=""//www.youtube.com/embed/ecaemDcno4g"" frameborder=""0"" allow=""accelerometer; autoplay; clipboard-write; encrypted-media; gyroscope; picture-in-picture; web-share"" referrerpolicy=""strict-origin-when-cross-origin"" allowfullscreen></iframe>",Current Events
14,2026-07-24T18:25:57Z,UCehBVAPy-bxmnbNARF-_tvA,How Tech Billionaires Are Using NDAs to Hide Data Center Deals,There's a scourge of NDAs surrounding data center development — tech billionaires are getting local politicians to keep their ...,"{'default': {'url': 'https://i.ytimg.com/vi/kaTnJmRFcoI/default.jpg', 'width': 120, 'height': 90}, 'medium': {'url': 'https://i.ytimg.com/vi/kaTnJmRFcoI/mqdefault.jpg', 'width': 320, 'height': 180}, 'high': {'url': 'https://i.ytimg.com/vi/kaTnJmRFcoI/hqdefault.jpg', 'width': 480, 'height': 360}}",More Perfect Union,none,2026-07-24T18:25:57Z,kaTnJmRFcoI,"<iframe width=""480"" height=""270"" src=""//www.youtube.com/embed/kaTnJmRFcoI"" frameborder=""0"" allow=""accelerometer; autoplay; clipboard-write; encrypted-media; gyroscope; picture-in-picture; web-share"" referrerpolicy=""strict-origin-when-cross-origin"" allowfullscreen></iframe>",Current Events
15,2026-07-24T18:02:24Z,UCHvnMsLnyQZscrq-fOckiiw,"Mary Steenburgen on The Dink, Working with an All-Star Cast &amp; Advice for Young Actors","Academy Award-winning actress Mary Steenburgen joins BlackTreeTV to talk about her latest film, **The Dink**! During our ...","{'default': {'url': 'https://i.ytimg.com/vi/40O8mhJ0Hpw/default.jpg', 'width': 120, 'height': 90}, 'medium': {'url': 'https://i.ytimg.com/vi/40O8mhJ0Hpw/mqdefault.jpg', 'width': 320, 'height': 180}, 'high': {'url': 'https://i.ytimg.com/vi/40O8mhJ0Hpw/hqdefault.jpg', 'width': 480, 'height': 360}}",BlackTree TV,none,2026-07-24T18:02:24Z,40O8mhJ0Hpw,"<iframe width=""480"" height=""270"" src=""//www.youtube.com/embed/40O8mhJ0Hpw"" frameborder=""0"" allow=""accelerometer; autoplay; clipboard-write; encrypted-media; gyroscope; picture-in-picture; web-share"" referrerpolicy=""strict-origin-when-cross-origin"" allowfullscreen></iframe>",Entertainment
36,2026-07-24T17:18:10Z,UCDsOKnUQnQek7-G7Xc5kB8Q,The Real Cost of Living in America Today - Dub Washington (Finance on Fridays),Check out Dub's SKOOL Community https://www.skool.com/reinvented/about?ref=9b03845650674a04aa6c5edd73869976 How ...,"{'default': {'url': 'https://i.ytimg.com/vi/A2EUKvINUK0/default.jpg', 'width': 120, 'height': 90}, 'medium': {'url': 'https://i.ytimg.com/vi/A2EUKvINUK0/mqdefault.jpg', 'width': 320, 'height': 180}, 'high': {'url': 'https://i.ytimg.com/vi/A2EUKvINUK0/hqdefault.jpg', 'width': 480, 'height': 360}}",Social Proof,none,2026-07-24T17:18:10Z,A2EUKvINUK0,"<iframe width=""480"" height=""270"" src=""//www.youtube.com/embed/A2EUKvINUK0"" frameborder=""0"" allow=""accelerometer; autoplay; clipboard-write; encrypted-media; gyroscope; picture-in-picture; web-share"" referrerpolicy=""strict-origin-when-cross-origin"" allowfullscreen></iframe>",Productivity
10,2026-07-24T17:00:36Z,UChq-BD2afpGbtMUtCxq2YFw,Africa&#39;s $80 Billion Gamble: The Dam That Could Change Everything,Thanks so much for tuning in! Get Sandra's State of Africa 2026 Report: https://sandrababuboateng.com/soa2026/. Join the Ghana ...,"{'default': {'url': 'https://i.ytimg.com/vi/fBbpdIeUUDc/default.jpg', 'width': 120, 'height': 90}, 'medium': {'url': 'https://i.ytimg.com/vi/fBbpdIeUUDc/mqdefault.jpg', 'width': 320, 'height': 180}, 'high': {'url': 'https://i.ytimg.com/vi/fBbpdIeUUDc/hqdefault.jpg', 'width': 480, 'height': 360}}",PanaGenius TV,none,2026-07-24T17:00:36Z,fBbpdIeUUDc,"<iframe width=""480"" height=""270"" src=""//www.youtube.com/embed/fBbpdIeUUDc"" frameborder=""0"" allow=""accelerometer; autoplay; clipboard-write; encrypted-media; gyroscope; picture-in-picture; web-share"" referrerpolicy=""strict-origin-when-cross-origin"" allowfullscreen></iframe>",Current Events
45,2026-07-24T17:00:29Z,UCrPq2ekHx2vZtuyG3wUx0_g,Nolan Wells Independent Autopsy Results Raises More Questions | What Is The Truth? ,"Full: Nolan Wells 'Autopsy' Proves Possible 'Head Injury', Missing Throat: “Undetermined” - HP News: ...","{'default': {'url': 'https://i.ytimg.com/vi/jqYAvjoV--s/default.jpg', 'width': 120, 'height': 90}, 'medium': {'url': 'https://i.ytimg.com/vi/jqYAvjoV--s/mqdefault.jpg', 'width': 320, 'height': 180}, 'high': {'url': 'https://i.ytimg.com/vi/jqYAvjoV--s/hqdefault.jpg', 'width': 480, 'height': 360}}",On the Shoulders of Giants ,none,2026-07-24T17:00:29Z,jqYAvjoV--s,"<iframe width=""480"" height=""270"" src=""//www.youtube.com/embed/jqYAvjoV--s"" frameborder=""0"" allow=""accelerometer; autoplay; clipboard-write; encrypted-media; gyroscope; picture-in-picture; web-share"" referrerpolicy=""strict-origin-when-cross-origin"" allowfullscreen></iframe>",Social Issues
0,2026-07-24T16:50:49Z,UCG7uFJVZsxQRwDssom9Pavw,Why Ethiopia Kept the &quot;Lost&quot; Books of the Bible,Did you know the world's oldest and most complete Bible isn't in Rome or London—it's in the Ethiopian Highlands? In this video ...,"{'default': {'url': 'https://i.ytimg.com/vi/SBwQoUdOUps/default.jpg', 'width': 120, 'height': 90}, 'medium': {'url': 'https://i.ytimg.com/vi/SBwQoUdOUps/mqdefault.jpg', 'width': 320, 'height': 180}, 'high': {'url': 'https://i.ytimg.com/vi/SBwQoUdOUps/hqdefault.jpg', 'width': 480, 'height': 360}}",2nacheki,none,2026-07-24T16:50:49Z,SBwQoUdOUps,"<iframe width=""480"" height=""270"" src=""//www.youtube.com/embed/SBwQoUdOUps"" frameborder=""0"" allow=""accelerometer; autoplay; clipboard-write; encrypted-media; gyroscope; picture-in-picture; web-share"" referrerpolicy=""strict-origin-when-cross-origin"" allowfullscreen></iframe>",Current Events
60,2026-07-24T15:20:56Z,UCi2uaWdy6OTf4Ty7DVC_7lw,Mombasa Kenya - MEET KENYAN GEN-Z Working as a AirbnB Host !!!,"Hello family , welcome to iam_marwa YouTube Channel,MEET KENYAN GEN-Z Living FARM TO TABLE DREAM !!! also check ...","{'default': {'url': 'https://i.ytimg.com/vi/U2OLMc6pUWE/default.jpg', 'width': 120, 'height': 90}, 'medium': {'url': 'https://i.ytimg.com/vi/U2OLMc6pUWE/mqdefault.jpg', 'width': 320, 'height': 180}, 'high': {'url': 'https://i.ytimg.com/vi/U2OLMc6pUWE/hqdefault.jpg', 'width': 480, 'height': 360}}",iam_marwa,none,2026-07-24T15:20:56Z,U2OLMc6pUWE,"<iframe width=""480"" height=""270"" src=""//www.youtube.com/embed/U2OLMc6pUWE"" frameborder=""0"" allow=""accelerometer; autoplay; clipboard-write; encrypted-media; gyroscope; picture-in-picture; web-share"" referrerpolicy=""strict-origin-when-cross-origin"" allowfullscreen></iframe>",Travel
6,2026-07-24T14:43:45Z,UC1ettU5YSf_nIOJWffCKGQw,Why black Melanin Demands seasonal Food that are of the Sun,"Dr. Ann Brown tells the difference between white, black and synthetic melanin and the pineal gland, explaining why black melanin ...","{'default': {'url': 'https://i.ytimg.com/vi/5vBp1FS8Ryg/default.jpg', 'width': 120, 'height': 90}, 'medium': {'url': 'https://i.ytimg.com/vi/5vBp1FS8Ryg/mqdefault.jpg', 'width': 320, 'height': 180}, 'high': {'url': 'https://i.ytimg.com/vi/5vBp1FS8Ryg/hqdefault.jpg', 'width': 480, 'height': 360}}",LuiSpot,none,2026-07-24T14:43:45Z,5vBp1FS8Ryg,"<iframe width=""480"" height=""270"" src=""//www.youtube.com/embed/5vBp1FS8Ryg"" frameborder=""0"" allow=""accelerometer; autoplay; clipboard-write; encrypted-media; gyroscope; picture-in-picture; web-share"" referrerpolicy=""strict-origin-when-cross-origin"" allowfullscreen></iframe>",Current Events
19,2026-07-24T14:08:33Z,UC4m46pCBkMEyy8gk26WKqbA,"THE BIG 3 W/ KARLOUS MILLER, DC YOUNG FLY, AND CHICO BEAN | THE 85 SOUTH SHOW","THE 85 SOUTH SHOW IS A COMEDY PODCAST HOSTED BY KARLOUS MILLER, DC YOUNG FLY, AND CHICO BEAN.","{'default': {'url': 'https://i.ytimg.com/vi/p6e-32SxEsI/default.jpg', 'width': 120, 'height': 90}, 'medium': {'url': 'https://i.ytimg.com/vi/p6e-32SxEsI/mqdefault.jpg', 'width': 320, 'height': 180}, 'high': {'url': 'https://i.ytimg.com/vi/p6e-32SxEsI/hqdefault.jpg', 'width': 480, 'height': 360}}",The 85 South Comedy Show,none,2026-07-24T14:08:33Z,p6e-32SxEsI,"<iframe width=""480"" height=""270"" src=""//www.youtube.com/embed/p6e-32SxEsI"" frameborder=""0"" allow=""accelerometer; autoplay; clipboard-write; encrypted-media; gyroscope; picture-in-picture; web-share"" referrerpolicy=""strict-origin-when-cross-origin"" allowfullscreen></iframe>",Entertainment
22,2026-07-24T11:18:58Z,UCJa58Tf70HC5q2oQDNBrJ2g,Why Modern Career Isn&#39;t Enough: The Hidden Science of Ori Innu &amp; Sovereign Ownership,What if the burnout you feel inside modern corporate systems isn't a personal failure... but the result of operating inside an ...,"{'default': {'url': 'https://i.ytimg.com/vi/zJjCZ76ZAMw/default.jpg', 'width': 120, 'height': 90}, 'medium': {'url': 'https://i.ytimg.com/vi/zJjCZ76ZAMw/mqdefault.jpg', 'width': 320, 'height': 180}, 'high': {'url': 'https://i.ytimg.com/vi/zJjCZ76ZAMw/hqdefault.jpg', 'width': 480, 'height': 360}}",Obehi Ewanfoh,none,2026-07-24T11:18:58Z,zJjCZ76ZAMw,"<iframe width=""480"" height=""270"" src=""//www.youtube.com/embed/zJjCZ76ZAMw"" frameborder=""0"" allow=""accelerometer; autoplay; clipboard-write; encrypted-media; gyroscope; picture-in-picture; web-share"" referrerpolicy=""strict-origin-when-cross-origin"" allowfullscreen></iframe>",History
68,2026-07-24T11:00:21Z,UCFPfloFwa6X2UddqRH83rAA,I Studied 50 Quiet Millionaires | They All Broke the Same 7 Rules!,"The millionaires most people imagine are usually loud, obvious, and impossible to miss. But the ones in this story looked ...","{'default': {'url': 'https://i.ytimg.com/vi/cEaLBSTbhvE/default.jpg', 'width': 120, 'height': 90}, 'medium': {'url': 'https://i.ytimg.com/vi/cEaLBSTbhvE/mqdefault.jpg', 'width': 320, 'height': 180}, 'high': {'url': 'https://i.ytimg.com/vi/cEaLBSTbhvE/hqdefault.jpg', 'width': 480, 'height': 360}}",Alicia Invests,none,2026-07-24T11:00:21Z,cEaLBSTbhvE,"<iframe width=""480"" height=""270"" src=""//www.youtube.com/embed/cEaLBSTbhvE"" frameborder=""0"" allow=""accelerometer; autoplay; clipboard-write; encrypted-media; gyroscope; picture-in-picture; web-share"" referrerpolicy=""strict-origin-when-cross-origin"" allowfullscreen></iframe>",Productivity
5,2026-07-24T08:00:06Z,UCF-A_4x9-bLrxXrmgBOWuJA,State of Thohoyandou | EFF at 13,"From music to community voice, Vhadau Germany speaks on the realities facing Thohoyandou, the struggles of young people, ...","{'default': {'url': 'https://i.ytimg.com/vi/1eHl1xrL4Ow/default.jpg', 'width': 120, 'height': 90}, 'medium': {'url': 'https://i.ytimg.com/vi/1eHl1xrL4Ow/mqdefault.jpg', 'width': 320, 'height': 180}, 'high': {'url': 'https://i.ytimg.com/vi/1eHl1xrL4Ow/hqdefault.jpg', 'width': 480, 'height': 360}}",Economic Freedom Fighters,none,2026-07-24T08:00:06Z,1eHl1xrL4Ow,"<iframe width=""480"" height=""270"" src=""//www.youtube.com/embed/1eHl1xrL4Ow"" frameborder=""0"" allow=""accelerometer; autoplay; clipboard-write; encrypted-media; gyroscope; picture-in-picture; web-share"" referrerpolicy=""strict-origin-when-cross-origin"" allowfullscreen></iframe>",Current Events
70,2026-07-24T02:15:31Z,UCQoxJOkwaCgyzQtiuAIDcuw,Christian McCaffrey Grew Up In The Denver Broncos Locker Room With Shannon Sharpe &amp; More,"Christian McCaffrey Grew Up In The Denver Broncos Locker Room With Shannon Sharpe & More ""Christian grew up in the locker ...","{'default': {'url': 'https://i.ytimg.com/vi/7reiSZhtyqI/default.jpg', 'width': 120, 'height': 90}, 'medium': {'url': 'https://i.ytimg.com/vi/7reiSZhtyqI/mqdefault.jpg', 'width': 320, 'height': 180}, 'high': {'url': 'https://i.ytimg.com/vi/7reiSZhtyqI/hqdefault.jpg', 'width': 480, 'height': 360}}",Club Shay Shay,none,2026-07-24T02:15:31Z,7reiSZhtyqI,"<iframe width=""480"" height=""270"" src=""//www.youtube.com/embed/7reiSZhtyqI"" frameborder=""0"" allow=""accelerometer; autoplay; clipboard-write; encrypted-media; gyroscope; picture-in-picture; web-share"" referrerpolicy=""strict-origin-when-cross-origin"" allowfullscreen></iframe>",Social Issues
3,2026-07-24T00:52:30Z,UCL0u5uz7KZ9q-pe-VC8TY-w,Who In Charlie&#39;s Car Was On The Phone To Ben Shapiro&#39;s Security?,,"{'default': {'url': 'https://i.ytimg.com/vi/YnE6VWRZ0b8/default.jpg', 'width': 120, 'height': 90}, 'medium': {'url': 'https://i.ytimg.com/vi/YnE6VWRZ0b8/mqdefault.jpg', 'width': 320, 'height': 180}, 'high': {'url': 'https://i.ytimg.com/vi/YnE6VWRZ0b8/hqdefault.jpg', 'width': 480, 'height': 360}}",Candace Owens,none,2026-07-24T00:52:30Z,YnE6VWRZ0b8,"<iframe width=""480"" height=""270"" src=""//www.youtube.com/embed/YnE6VWRZ0b8"" frameborder=""0"" allow=""accelerometer; autoplay; clipboard-write; encrypted-media; gyroscope; picture-in-picture; web-share"" referrerpolicy=""strict-origin-when-cross-origin"" allowfullscreen></iframe>",Current Events
72,2026-07-23T23:21:16Z,UCSlLff7uX8i8uUpB1MnhN2Q,It’s all intersected and interconnected.. the question is can you connect the dots??,,"{'default': {'url': 'https://i.ytimg.com/vi/fsD56TPfI5I/default.jpg', 'width': 120, 'height': 90}, 'medium': {'url': 'https://i.ytimg.com/vi/fsD56TPfI5I/mqdefault.jpg', 'width': 320, 'height': 180}, 'high': {'url': 'https://i.ytimg.com/vi/fsD56TPfI5I/hqdefault.jpg', 'width': 480, 'height': 360}}",The Conscious Lee,none,2026-07-23T23:21:16Z,fsD56TPfI5I,"<iframe width=""480"" height=""270"" src=""//www.youtube.com/embed/fsD56TPfI5I"" frameborder=""0"" allow=""accelerometer; autoplay; clipboard-write; encrypted-media; gyroscope; picture-in-picture; web-share"" referrerpolicy=""strict-origin-when-cross-origin"" allowfullscreen></iframe>",Social Issues
52,2026-07-23T21:30:15Z,UCXyHjFIKz9D8ofxObOuYBbg,"Chief, Doctor, Lawyer, Engineer",WeNeedToTalk #BlackLove To support our ministry: https://cash.app/$wnttalk Please SUBSCRIBE for more content!,"{'default': {'url': 'https://i.ytimg.com/vi/NIRv-AJYEEI/default.jpg', 'width': 120, 'height': 90}, 'medium': {'url': 'https://i.ytimg.com/vi/NIRv-AJYEEI/mqdefault.jpg', 'width': 320, 'height': 180}, 'high': {'url': 'https://i.ytimg.com/vi/NIRv-AJYEEI/hqdefault.jpg', 'width': 480, 'height': 360}}",WeNeedToTalk,none,2026-07-23T21:30:15Z,NIRv-AJYEEI,"<iframe width=""480"" height=""270"" src=""//www.youtube.com/embed/NIRv-AJYEEI"" frameborder=""0"" allow=""accelerometer; autoplay; clipboard-write; encrypted-media; gyroscope; picture-in-picture; web-share"" referrerpolicy=""strict-origin-when-cross-origin"" allowfullscreen></iframe>",Social Issues
69,2026-07-23T20:29:57Z,UCHzCimqhvPhCH75h80pXM1Q,Everybody who owns stocks needs to know this right now,,"{'default': {'url': 'https://i.ytimg.com/vi/UG-vK0wfPMg/default.jpg', 'width': 120, 'height': 90}, 'medium': {'url': 'https://i.ytimg.com/vi/UG-vK0wfPMg/mqdefault.jpg', 'width': 320, 'height': 180}, 'high': {'url': 'https://i.ytimg.com/vi/UG-vK0wfPMg/hqdefault.jpg', 'width': 480, 'height': 360}}",The Black Business School  ,none,2026-07-23T20:29:57Z,UG-vK0wfPMg,"<iframe width=""480"" height=""270"" src=""//www.youtube.com/embed/UG-vK0wfPMg"" frameborder=""0"" allow=""accelerometer; autoplay; clipboard-write; encrypted-media; gyroscope; picture-in-picture; web-share"" referrerpolicy=""strict-origin-when-cross-origin"" allowfullscreen></iframe>",Productivity
39,2026-07-23T19:37:54Z,UCx5Y5d5KgibkG9KAyknCdFA,White People SHOCKED to Learn About America&#39;s Violence Against Black Bodies,"Explore the harsh realities of black history, from the legacy of Nat Turner to the lasting impacts of Jim Crow laws. This video ...","{'default': {'url': 'https://i.ytimg.com/vi/yCNhuAeM-54/default.jpg', 'width': 120, 'height': 90}, 'medium': {'url': 'https://i.ytimg.com/vi/yCNhuAeM-54/mqdefault.jpg', 'width': 320, 'height': 180}, 'high': {'url': 'https://i.ytimg.com/vi/yCNhuAeM-54/hqdefault.jpg', 'width': 480, 'height': 360}}",Afromation Digital,none,2026-07-23T19:37:54Z,yCNhuAeM-54,"<iframe width=""480"" height=""270"" src=""//www.youtube.com/embed/yCNhuAeM-54"" frameborder=""0"" allow=""accelerometer; autoplay; clipboard-write; encrypted-media; gyroscope; picture-in-picture; web-share"" referrerpolicy=""strict-origin-when-cross-origin"" allowfullscreen></iframe>",Social Issues
24,2026-07-23T19:00:16Z,UCTNr0N__QwstBhgCtvQcjhA,Raycist Whyte Man Tried It In Florida...Then This Happened,Join our channel to get access to perks: https://www.youtube.com/channel/UCTNr0N__QwstBhgCtvQcjhA/join A group of white ...,"{'default': {'url': 'https://i.ytimg.com/vi/Hz-AN3knct4/default.jpg', 'width': 120, 'height': 90}, 'medium': {'url': 'https://i.ytimg.com/vi/Hz-AN3knct4/mqdefault.jpg', 'width': 320, 'height': 180}, 'high': {'url': 'https://i.ytimg.com/vi/Hz-AN3knct4/hqdefault.jpg', 'width': 480, 'height': 360}}",Black Discoveries,none,2026-07-23T19:00:16Z,Hz-AN3knct4,"<iframe width=""480"" height=""270"" src=""//www.youtube.com/embed/Hz-AN3knct4"" frameborder=""0"" allow=""accelerometer; autoplay; clipboard-write; encrypted-media; gyroscope; picture-in-picture; web-share"" referrerpolicy=""strict-origin-when-cross-origin"" allowfullscreen></iframe>",History
56,2026-07-23T17:00:06Z,UCIxrFTHZybtTgq8X7itOAkQ,Eating Pakistan’s Most Famous Dish (Would You Eat This?),vascotranslator #vascotranslatorv4 #travelwithvasco Get 10% off Vasco NOW ➡️ https://bit.ly/4wUoYEI Use Code:blackman10 I ...,"{'default': {'url': 'https://i.ytimg.com/vi/aL7TSorn8mE/default.jpg', 'width': 120, 'height': 90}, 'medium': {'url': 'https://i.ytimg.com/vi/aL7TSorn8mE/mqdefault.jpg', 'width': 320, 'height': 180}, 'high': {'url': 'https://i.ytimg.com/vi/aL7TSorn8mE/hqdefault.jpg', 'width': 480, 'height': 360}}",Blackman Da Traveller,none,2026-07-23T17:00:06Z,aL7TSorn8mE,"<iframe width=""480"" height=""270"" src=""//www.youtube.com/embed/aL7TSorn8mE"" frameborder=""0"" allow=""accelerometer; autoplay; clipboard-write; encrypted-media; gyroscope; picture-in-picture; web-share"" referrerpolicy=""strict-origin-when-cross-origin"" allowfullscreen></iframe>",Travel
35,2026-07-23T16:00:28Z,UCRVsqvXIdgyPVS-a6fGa1lA,"JOHN MORGAN ON BUILDING A BILLION-DOLLAR LAW FIRM, $600M MARKETING STRATEGY &amp; KIDS SIGNING PRENUPS","John Morgan, founder of Morgan & Morgan, joins Earn Your Leisure to break down how he built one of America's largest law firms ...","{'default': {'url': 'https://i.ytimg.com/vi/BHXUpSt82xY/default.jpg', 'width': 120, 'height': 90}, 'medium': {'url': 'https://i.ytimg.com/vi/BHXUpSt82xY/mqdefault.jpg', 'width': 320, 'height': 180}, 'high': {'url': 'https://i.ytimg.com/vi/BHXUpSt82xY/hqdefault.jpg', 'width': 480, 'height': 360}}",Earn Your Leisure,none,2026-07-23T16:00:28Z,BHXUpSt82xY,"<iframe width=""480"" height=""270"" src=""//www.youtube.com/embed/BHXUpSt82xY"" frameborder=""0"" allow=""accelerometer; autoplay; clipboard-write; encrypted-media; gyroscope; picture-in-picture; web-share"" referrerpolicy=""strict-origin-when-cross-origin"" allowfullscreen></iframe>",Productivity
66,2026-07-23T12:33:09Z,UCAk5dFz-FOvYUIUFvWdbRJA,Rebuilding Unity Starts With The Truth #shorts,You can't restore a broken bridge without understanding how it was broken. Real unity begins with honest conversations and ...,"{'default': {'url': 'https://i.ytimg.com/vi/VGwLKtS7BMw/default.jpg', 'width': 120, 'height': 90}, 'medium': {'url': 'https://i.ytimg.com/vi/VGwLKtS7BMw/mqdefault.jpg', 'width': 320, 'height': 180}, 'high': {'url': 'https://i.ytimg.com/vi/VGwLKtS7BMw/hqdefault.jpg', 'width': 480, 'height': 360}}",Afronomics,none,2026-07-23T12:33:09Z,VGwLKtS7BMw,"<iframe width=""480"" height=""270"" src=""//www.youtube.com/embed/VGwLKtS7BMw"" frameborder=""0"" allow=""accelerometer; autoplay; clipboard-write; encrypted-media; gyroscope; picture-in-picture; web-share"" referrerpolicy=""strict-origin-when-cross-origin"" allowfullscreen></iframe>",Social Issues
12,2026-07-23T04:32:34Z,UCLjzzg-cFWpEEjnWCOpXp3Q,Summary / Debrief of Uhuru 3 Appeal Oral Arguments,"Join the Hands Off Uhuru Fightback Coalition for this community event. It takes place following the July 22, 2026 hearing in the ...","{'default': {'url': 'https://i.ytimg.com/vi/g57THwo_nkk/default.jpg', 'width': 120, 'height': 90}, 'medium': {'url': 'https://i.ytimg.com/vi/g57THwo_nkk/mqdefault.jpg', 'width': 320, 'height': 180}, 'high': {'url': 'https://i.ytimg.com/vi/g57THwo_nkk/hqdefault.jpg', 'width': 480, 'height': 360}}",The Burning Spear TV,none,2026-07-23T04:32:34Z,g57THwo_nkk,"<iframe width=""480"" height=""270"" src=""//www.youtube.com/embed/g57THwo_nkk"" frameborder=""0"" allow=""accelerometer; autoplay; clipboard-write; encrypted-media; gyroscope; picture-in-picture; web-share"" referrerpolicy=""strict-origin-when-cross-origin"" allowfullscreen></iframe>",Current Events
71,2026-07-23T04:14:38Z,UCsY17ZnXg_Gmt9bWz49HoWw,When God Is Locked in a Book #substack #shorts,This is a clip from https://19keys.substack.com/p/how-to-capture-god?utm_source=youtube_shorts See the full video: ...,"{'default': {'url': 'https://i.ytimg.com/vi/JMBv8fCjNss/default.jpg', 'width': 120, 'height': 90}, 'medium': {'url': 'https://i.ytimg.com/vi/JMBv8fCjNss/mqdefault.jpg', 'width': 320, 'height': 180}, 'high': {'url': 'https://i.ytimg.com/vi/JMBv8fCjNss/hqdefault.jpg', 'width': 480, 'height': 360}}",19KEYS NETWORK,none,2026-07-23T04:14:38Z,JMBv8fCjNss,"<iframe width=""480"" height=""270"" src=""//www.youtube.com/embed/JMBv8fCjNss"" frameborder=""0"" allow=""accelerometer; autoplay; clipboard-write; encrypted-media; gyroscope; picture-in-picture; web-share"" referrerpolicy=""strict-origin-when-cross-origin"" allowfullscreen></iframe>",Productivity
51,2026-07-23T02:36:16Z,UCHVBLMcvOgDtFEF2bToQLqw,I used to be a House Negro,I used to be a House Negro.,"{'default': {'url': 'https://i.ytimg.com/vi/h-EJLjVrf1A/default.jpg', 'width': 120, 'height': 90}, 'medium': {'url': 'https://i.ytimg.com/vi/h-EJLjVrf1A/mqdefault.jpg', 'width': 320, 'height': 180}, 'high': {'url': 'https://i.ytimg.com/vi/h-EJLjVrf1A/hqdefault.jpg', 'width': 480, 'height': 360}}",We Woke Now,none,2026-07-23T02:36:16Z,h-EJLjVrf1A,"<iframe width=""480"" height=""270"" src=""//www.youtube.com/embed/h-EJLjVrf1A"" frameborder=""0"" allow=""accelerometer; autoplay; clipboard-write; encrypted-media; gyroscope; picture-in-picture; web-share"" referrerpolicy=""strict-origin-when-cross-origin"" allowfullscreen></iframe>",Social Issues
41,2026-07-22T19:23:43Z,UCWCreFX8bTVLJ6Y9lh6eZ5A,Argentina Lost The World Cup Final — And Half The World CHEERED,They demonetized this channel for telling the truth. So we put the truth where they can't touch it.,"{'default': {'url': 'https://i.ytimg.com/vi/tuaVQ5yecCI/default.jpg', 'width': 120, 'height': 90}, 'medium': {'url': 'https://i.ytimg.com/vi/tuaVQ5yecCI/mqdefault.jpg', 'width': 320, 'height': 180}, 'high': {'url': 'https://i.ytimg.com/vi/tuaVQ5yecCI/hqdefault.jpg', 'width': 480, 'height': 360}}",Black Journals,none,2026-07-22T19:23:43Z,tuaVQ5yecCI,"<iframe width=""480"" height=""270"" src=""//www.youtube.com/embed/tuaVQ5yecCI"" frameborder=""0"" allow=""accelerometer; autoplay; clipboard-write; encrypted-media; gyroscope; picture-in-picture; web-share"" referrerpolicy=""strict-origin-when-cross-origin"" allowfullscreen></iframe>",Social Issues
48,2026-07-22T18:00:06Z,UCzo3jVzn-Z9LrFVwAE7iDbw,Ep 114: Pop The Balloon Or Find Love | With Arlette Amuli,"Our App Luv or Pop is Out Now! Available in the USA and UK, Download Now!","{'default': {'url': 'https://i.ytimg.com/vi/3TNlG3o1KXI/default.jpg', 'width': 120, 'height': 90}, 'medium': {'url': 'https://i.ytimg.com/vi/3TNlG3o1KXI/mqdefault.jpg', 'width': 320, 'height': 180}, 'high': {'url': 'https://i.ytimg.com/vi/3TNlG3o1KXI/hqdefault.jpg', 'width': 480, 'height': 360}}",Pop The Balloon,none,2026-07-22T18:00:06Z,3TNlG3o1KXI,"<iframe width=""480"" height=""270"" src=""//www.youtube.com/embed/3TNlG3o1KXI"" frameborder=""0"" allow=""accelerometer; autoplay; clipboard-write; encrypted-media; gyroscope; picture-in-picture; web-share"" referrerpolicy=""strict-origin-when-cross-origin"" allowfullscreen></iframe>",Social Issues
40,2026-07-22T16:37:40Z,UCZEMyEeGRnkGERZTWEGLGPg,Why Is The World So Happy Argentina Lost The World Cup?,"Why the world celebrated Argentina losing the 2026 World Cup final — Spain beat Argentina 1-0 in extra time on July 19, 2026, ...","{'default': {'url': 'https://i.ytimg.com/vi/8eQh7LYKs4Y/default.jpg', 'width': 120, 'height': 90}, 'medium': {'url': 'https://i.ytimg.com/vi/8eQh7LYKs4Y/mqdefault.jpg', 'width': 320, 'height': 180}, 'high': {'url': 'https://i.ytimg.com/vi/8eQh7LYKs4Y/hqdefault.jpg', 'width': 480, 'height': 360}}",Black Culture Unlocked,none,2026-07-22T16:37:40Z,8eQh7LYKs4Y,"<iframe width=""480"" height=""270"" src=""//www.youtube.com/embed/8eQh7LYKs4Y"" frameborder=""0"" allow=""accelerometer; autoplay; clipboard-write; encrypted-media; gyroscope; picture-in-picture; web-share"" referrerpolicy=""strict-origin-when-cross-origin"" allowfullscreen></iframe>",Social Issues
58,2026-07-22T16:20:23Z,UCvHeh__RFFonMM8vaKda82Q,I flew to Madrid for the Spain World Cup Parade 🇪🇸,"I flew To Madrid for the Spain World Cup Parade ✈️ Subscribe to Czech In Effect for authentic, boots-on-the-ground travel ...","{'default': {'url': 'https://i.ytimg.com/vi/HEDAoG9MzME/default.jpg', 'width': 120, 'height': 90}, 'medium': {'url': 'https://i.ytimg.com/vi/HEDAoG9MzME/mqdefault.jpg', 'width': 320, 'height': 180}, 'high': {'url': 'https://i.ytimg.com/vi/HEDAoG9MzME/hqdefault.jpg', 'width': 480, 'height': 360}}",Czech in effect,none,2026-07-22T16:20:23Z,HEDAoG9MzME,"<iframe width=""480"" height=""270"" src=""//www.youtube.com/embed/HEDAoG9MzME"" frameborder=""0"" allow=""accelerometer; autoplay; clipboard-write; encrypted-media; gyroscope; picture-in-picture; web-share"" referrerpolicy=""strict-origin-when-cross-origin"" allowfullscreen></iframe>",Travel
26,2026-07-21T16:30:18Z,UC12lU5ymIvSpgl8KntDQUQA,The Quiet Move That Could Reshape Congo&#39;s Future!,Patreon: https://www.patreon.com/HomeTeamHistory African Kings Book: ...,"{'default': {'url': 'https://i.ytimg.com/vi/48016IAIYlk/default.jpg', 'width': 120, 'height': 90}, 'medium': {'url': 'https://i.ytimg.com/vi/48016IAIYlk/mqdefault.jpg', 'width': 320, 'height': 180}, 'high': {'url': 'https://i.ytimg.com/vi/48016IAIYlk/hqdefault.jpg', 'width': 480, 'height': 360}}",HomeTeam History,none,2026-07-21T16:30:18Z,48016IAIYlk,"<iframe width=""480"" height=""270"" src=""//www.youtube.com/embed/48016IAIYlk"" frameborder=""0"" allow=""accelerometer; autoplay; clipboard-write; encrypted-media; gyroscope; picture-in-picture; web-share"" referrerpolicy=""strict-origin-when-cross-origin"" allowfullscreen></iframe>",History
64,2026-07-20T16:09:31Z,UC2-nif4wvOqT6QVsBX3NOpA,7 Problems Every American Faces Living Abroad,"Thank you to Fora for sponsoring this video! If you're interested in becoming a travel advisor, learn more here: ...","{'default': {'url': 'https://i.ytimg.com/vi/06gqHhBM5fQ/default.jpg', 'width': 120, 'height': 90}, 'medium': {'url': 'https://i.ytimg.com/vi/06gqHhBM5fQ/mqdefault.jpg', 'width': 320, 'height': 180}, 'high': {'url': 'https://i.ytimg.com/vi/06gqHhBM5fQ/hqdefault.jpg', 'width': 480, 'height': 360}}",The Yarbros,none,2026-07-20T16:09:31Z,06gqHhBM5fQ,"<iframe width=""480"" height=""270"" src=""//www.youtube.com/embed/06gqHhBM5fQ"" frameborder=""0"" allow=""accelerometer; autoplay; clipboard-write; encrypted-media; gyroscope; picture-in-picture; web-share"" referrerpolicy=""strict-origin-when-cross-origin"" allowfullscreen></iframe>",Travel
30,2026-07-20T03:44:15Z,UC11aHtNnc5bEPLI4jf6mnYg,"Emergency Discussion #1:  Spain Wins World Cup, US Plans Ground Invasion of Iran","In this July 20, 2026 Zoom discussion, Professor Jiang discusses current events, and answers questions from Substack ...","{'default': {'url': 'https://i.ytimg.com/vi/A9Sr-4c-3Tg/default.jpg', 'width': 120, 'height': 90}, 'medium': {'url': 'https://i.ytimg.com/vi/A9Sr-4c-3Tg/mqdefault.jpg', 'width': 320, 'height': 180}, 'high': {'url': 'https://i.ytimg.com/vi/A9Sr-4c-3Tg/hqdefault.jpg', 'width': 480, 'height': 360}}",Predictive History,none,2026-07-20T03:44:15Z,A9Sr-4c-3Tg,"<iframe width=""480"" height=""360"" src=""//www.youtube.com/embed/A9Sr-4c-3Tg"" frameborder=""0"" allow=""accelerometer; autoplay; clipboard-write; encrypted-media; gyroscope; picture-in-picture; web-share"" referrerpolicy=""strict-origin-when-cross-origin"" allowfullscreen></iframe>",History
61,2026-07-18T17:00:16Z,UCpEf2jEfyAEbQesGgl1HOWA,"LIVING IN GHANA | GHANA WEDDING, GHANA ROADS AND THE RAINY SEASON","liviinginghana #rainyseason #ghana LIVING IN GHANA | GHANA WEDDING, GHANA ROADS AND THE RAINY SEASON Hey ...","{'default': {'url': 'https://i.ytimg.com/vi/Ks8ynR7s_UU/default.jpg', 'width': 120, 'height': 90}, 'medium': {'url': 'https://i.ytimg.com/vi/Ks8ynR7s_UU/mqdefault.jpg', 'width': 320, 'height': 180}, 'high': {'url': 'https://i.ytimg.com/vi/Ks8ynR7s_UU/hqdefault.jpg', 'width': 480, 'height': 360}}",Jasmine Ama,none,2026-07-18T17:00:16Z,Ks8ynR7s_UU,"<iframe width=""480"" height=""270"" src=""//www.youtube.com/embed/Ks8ynR7s_UU"" frameborder=""0"" allow=""accelerometer; autoplay; clipboard-write; encrypted-media; gyroscope; picture-in-picture; web-share"" referrerpolicy=""strict-origin-when-cross-origin"" allowfullscreen></iframe>",Travel
21,2026-07-18T16:00:10Z,UCJmmxwdAsR7lD8fBA_qbEMw,The AMERICANS Who Tried to OVERTHROW CONGO&#39;S PRESIDENT,"It's 19 May 2024. Just after 4:30 a.m., Kinshasa is still asleep. Then the gunfire begins. Armed men in camouflage, carrying assault ...","{'default': {'url': 'https://i.ytimg.com/vi/khUq725h3_E/default.jpg', 'width': 120, 'height': 90}, 'medium': {'url': 'https://i.ytimg.com/vi/khUq725h3_E/mqdefault.jpg', 'width': 320, 'height': 180}, 'high': {'url': 'https://i.ytimg.com/vi/khUq725h3_E/hqdefault.jpg', 'width': 480, 'height': 360}}",African Biographics,none,2026-07-18T16:00:10Z,khUq725h3_E,"<iframe width=""480"" height=""270"" src=""//www.youtube.com/embed/khUq725h3_E"" frameborder=""0"" allow=""accelerometer; autoplay; clipboard-write; encrypted-media; gyroscope; picture-in-picture; web-share"" referrerpolicy=""strict-origin-when-cross-origin"" allowfullscreen></iframe>",History
37,2026-07-18T15:00:13Z,UC4lH-odQ5ll-85fkpWxDYmA,How he makes $12M/year doing street interview,,"{'default': {'url': 'https://i.ytimg.com/vi/mcvG-ig42lc/default.jpg', 'width': 120, 'height': 90}, 'medium': {'url': 'https://i.ytimg.com/vi/mcvG-ig42lc/mqdefault.jpg', 'width': 320, 'height': 180}, 'high': {'url': 'https://i.ytimg.com/vi/mcvG-ig42lc/hqdefault.jpg', 'width': 480, 'height': 360}}",Steven Ndukwu,none,2026-07-18T15:00:13Z,mcvG-ig42lc,"<iframe width=""480"" height=""270"" src=""//www.youtube.com/embed/mcvG-ig42lc"" frameborder=""0"" allow=""accelerometer; autoplay; clipboard-write; encrypted-media; gyroscope; picture-in-picture; web-share"" referrerpolicy=""strict-origin-when-cross-origin"" allowfullscreen></iframe>",Productivity
13,2026-07-18T14:20:37Z,UC-4h1XQ47sf0vbFwJvuBhEA,⚽🔥 FRANCE vs ENGLAND 🇫🇷🏴  | FIFA WORLD CUP 2026 LIVE,"FRANCE vs ENGLAND LIVE | FIFA WORLD CUP 2026 Welcome to our live coverage, analysis, and discussion of one of the ...","{'default': {'url': 'https://i.ytimg.com/vi/uTbmGwkTeHU/default.jpg', 'width': 120, 'height': 90}, 'medium': {'url': 'https://i.ytimg.com/vi/uTbmGwkTeHU/mqdefault.jpg', 'width': 320, 'height': 180}, 'high': {'url': 'https://i.ytimg.com/vi/uTbmGwkTeHU/hqdefault.jpg', 'width': 480, 'height': 360}}",The New Africa Channel,none,2026-07-18T14:20:37Z,uTbmGwkTeHU,"<iframe width=""480"" height=""270"" src=""//www.youtube.com/embed/uTbmGwkTeHU"" frameborder=""0"" allow=""accelerometer; autoplay; clipboard-write; encrypted-media; gyroscope; picture-in-picture; web-share"" referrerpolicy=""strict-origin-when-cross-origin"" allowfullscreen></iframe>",Current Events
20,2026-07-17T17:57:56Z,UCNekbFtp9zsI-lE_OCHpq_w,When your friend is in a toxic relationship,Instagram: https://www.instagram.com/trarags2/?ig_mid=B74CB5BE-895F-478D-A0E4-0164599790C4&utm_source=igweb .,"{'default': {'url': 'https://i.ytimg.com/vi/IqpBuDkN8cw/default.jpg', 'width': 120, 'height': 90}, 'medium': {'url': 'https://i.ytimg.com/vi/IqpBuDkN8cw/mqdefault.jpg', 'width': 320, 'height': 180}, 'high': {'url': 'https://i.ytimg.com/vi/IqpBuDkN8cw/hqdefault.jpg', 'width': 480, 'height': 360}}",Tra Rags,none,2026-07-17T17:57:56Z,IqpBuDkN8cw,"<iframe width=""480"" height=""270"" src=""//www.youtube.com/embed/IqpBuDkN8cw"" frameborder=""0"" allow=""accelerometer; autoplay; clipboard-write; encrypted-media; gyroscope; picture-in-picture; web-share"" referrerpolicy=""strict-origin-when-cross-origin"" allowfullscreen></iframe>",Entertainment
38,2026-07-17T09:59:10Z,UCl6to6J7oVltnhHEVm1s87A,The Last day of school before breakup in London,The last day of school before breakup in London.,"{'default': {'url': 'https://i.ytimg.com/vi/PtkNfeHBRdY/default.jpg', 'width': 120, 'height': 90}, 'medium': {'url': 'https://i.ytimg.com/vi/PtkNfeHBRdY/mqdefault.jpg', 'width': 320, 'height': 180}, 'high': {'url': 'https://i.ytimg.com/vi/PtkNfeHBRdY/hqdefault.jpg', 'width': 480, 'height': 360}}",The Ezeigwe Family ,none,2026-07-17T09:59:10Z,PtkNfeHBRdY,"<iframe width=""480"" height=""270"" src=""//www.youtube.com/embed/PtkNfeHBRdY"" frameborder=""0"" allow=""accelerometer; autoplay; clipboard-write; encrypted-media; gyroscope; picture-in-picture; web-share"" referrerpolicy=""strict-origin-when-cross-origin"" allowfullscreen></iframe>",Social Issues
55,2026-07-16T14:28:36Z,UCW5NNtTSY5z5mENZ8dt-RCw,The Truth About Aboriginals Australia Dont Show You,"I traveled to Melbourne, Australia, to visit an Aboriginal camp known as Camp Sovereignty and learn about their fight for their ...","{'default': {'url': 'https://i.ytimg.com/vi/g85ZekYNSrw/default.jpg', 'width': 120, 'height': 90}, 'medium': {'url': 'https://i.ytimg.com/vi/g85ZekYNSrw/mqdefault.jpg', 'width': 320, 'height': 180}, 'high': {'url': 'https://i.ytimg.com/vi/g85ZekYNSrw/hqdefault.jpg', 'width': 480, 'height': 360}}",ACE ,none,2026-07-16T14:28:36Z,g85ZekYNSrw,"<iframe width=""480"" height=""270"" src=""//www.youtube.com/embed/g85ZekYNSrw"" frameborder=""0"" allow=""accelerometer; autoplay; clipboard-write; encrypted-media; gyroscope; picture-in-picture; web-share"" referrerpolicy=""strict-origin-when-cross-origin"" allowfullscreen></iframe>",Travel
53,2026-07-15T14:52:42Z,UCTis64XH8HrxE7GhEkA6YmA,"IAN WRIGHT SAYS SOCCER IS OK TO SAY, END OF DISCUSSION 😂🇺🇸 #soccer #football #worldcup",,"{'default': {'url': 'https://i.ytimg.com/vi/nycpeqLzOIE/default.jpg', 'width': 120, 'height': 90}, 'medium': {'url': 'https://i.ytimg.com/vi/nycpeqLzOIE/mqdefault.jpg', 'width': 320, 'height': 180}, 'high': {'url': 'https://i.ytimg.com/vi/nycpeqLzOIE/hqdefault.jpg', 'width': 480, 'height': 360}}",5ASIDE Media,none,2026-07-15T14:52:42Z,nycpeqLzOIE,"<iframe width=""480"" height=""270"" src=""//www.youtube.com/embed/nycpeqLzOIE"" frameborder=""0"" allow=""accelerometer; autoplay; clipboard-write; encrypted-media; gyroscope; picture-in-picture; web-share"" referrerpolicy=""strict-origin-when-cross-origin"" allowfullscreen></iframe>",Sports
67,2026-07-11T15:31:30Z,UCy8BPJpTwXNLyL2vGCZu21Q,Meta’s Biggest Privacy Scam is Here… And Kylie Jenner Is The Face Of It,"In this video, we're talking about the history of surveillance, why privacy matters more than we think, and how Meta glasses have ...","{'default': {'url': 'https://i.ytimg.com/vi/hlAtKpUsX10/default.jpg', 'width': 120, 'height': 90}, 'medium': {'url': 'https://i.ytimg.com/vi/hlAtKpUsX10/mqdefault.jpg', 'width': 320, 'height': 180}, 'high': {'url': 'https://i.ytimg.com/vi/hlAtKpUsX10/hqdefault.jpg', 'width': 480, 'height': 360}}",Janae Danyiel,none,2026-07-11T15:31:30Z,hlAtKpUsX10,"<iframe width=""480"" height=""270"" src=""//www.youtube.com/embed/hlAtKpUsX10"" frameborder=""0"" allow=""accelerometer; autoplay; clipboard-write; encrypted-media; gyroscope; picture-in-picture; web-share"" referrerpolicy=""strict-origin-when-cross-origin"" allowfullscreen></iframe>",Social Issues
44,2026-07-08T20:14:55Z,UC4YZVeGnDXzEfjGcZG-d6oQ,The Secret War of Nazis Against the Jews,Join All Access on Patreon | The Secret War https://www.patreon.com/MeandEpiphany. If you may support the channel Cash App ...,"{'default': {'url': 'https://i.ytimg.com/vi/U6J0fJFqal0/default.jpg', 'width': 120, 'height': 90}, 'medium': {'url': 'https://i.ytimg.com/vi/U6J0fJFqal0/mqdefault.jpg', 'width': 320, 'height': 180}, 'high': {'url': 'https://i.ytimg.com/vi/U6J0fJFqal0/hqdefault.jpg', 'width': 480, 'height': 360}}",meandepiphany,none,2026-07-08T20:14:55Z,U6J0fJFqal0,"<iframe width=""480"" height=""270"" src=""//www.youtube.com/embed/U6J0fJFqal0"" frameborder=""0"" allow=""accelerometer; autoplay; clipboard-write; encrypted-media; gyroscope; picture-in-picture; web-share"" referrerpolicy=""strict-origin-when-cross-origin"" allowfullscreen></iframe>",Social Issues
9,2026-06-24T05:27:27Z,UCMe6CgCi6TSZX1tUxuUvCGg,YOUTH VOICES COMING UP LIVE TONIGHT ON  PAN-AFRICAN DAILY TV,AFRICA'S AGENDA 2063 & THE ROLE OF AFRICA'S YOUTH The Africa We Want will not happen by accident. It will happen ...,"{'default': {'url': 'https://i.ytimg.com/vi/yxJAhizV1Gs/default.jpg', 'width': 120, 'height': 90}, 'medium': {'url': 'https://i.ytimg.com/vi/yxJAhizV1Gs/mqdefault.jpg', 'width': 320, 'height': 180}, 'high': {'url': 'https://i.ytimg.com/vi/yxJAhizV1Gs/hqdefault.jpg', 'width': 480, 'height': 360}}",Pan-African Daily TV official with Dr Susan Tatah ,none,2026-06-24T05:27:27Z,yxJAhizV1Gs,"<iframe width=""480"" height=""270"" src=""//www.youtube.com/embed/yxJAhizV1Gs"" frameborder=""0"" allow=""accelerometer; autoplay; clipboard-write; encrypted-media; gyroscope; picture-in-picture; web-share"" referrerpolicy=""strict-origin-when-cross-origin"" allowfullscreen></iframe>",Current Events
65,2026-06-22T21:08:50Z,UClwrpH_Np9zk8uMwnMwu8Nw,I Met A South African In Ghana 🇬🇭,,"{'default': {'url': 'https://i.ytimg.com/vi/mzR8ZxZn2CA/default.jpg', 'width': 120, 'height': 90}, 'medium': {'url': 'https://i.ytimg.com/vi/mzR8ZxZn2CA/mqdefault.jpg', 'width': 320, 'height': 180}, 'high': {'url': 'https://i.ytimg.com/vi/mzR8ZxZn2CA/hqdefault.jpg', 'width': 480, 'height': 360}}",WODE MAYA,none,2026-06-22T21:08:50Z,mzR8ZxZn2CA,"<iframe width=""480"" height=""270"" src=""//www.youtube.com/embed/mzR8ZxZn2CA"" frameborder=""0"" allow=""accelerometer; autoplay; clipboard-write; encrypted-media; gyroscope; picture-in-picture; web-share"" referrerpolicy=""strict-origin-when-cross-origin"" allowfullscreen></iframe>",Travel
33,2026-06-15T04:07:32Z,UCIwGnOXoSXEI7Tooz3iKq5w,Hunting for one WHITE Pharaoh,Thirty dynasties. Three thousand years. And one question: can we find even one ancient Egyptian king from the true dynastic ...,"{'default': {'url': 'https://i.ytimg.com/vi/CvZ86mgb1hQ/default.jpg', 'width': 120, 'height': 90}, 'medium': {'url': 'https://i.ytimg.com/vi/CvZ86mgb1hQ/mqdefault.jpg', 'width': 320, 'height': 180}, 'high': {'url': 'https://i.ytimg.com/vi/CvZ86mgb1hQ/hqdefault.jpg', 'width': 480, 'height': 360}}",Without History,none,2026-06-15T04:07:32Z,CvZ86mgb1hQ,"<iframe width=""480"" height=""270"" src=""//www.youtube.com/embed/CvZ86mgb1hQ"" frameborder=""0"" allow=""accelerometer; autoplay; clipboard-write; encrypted-media; gyroscope; picture-in-picture; web-share"" referrerpolicy=""strict-origin-when-cross-origin"" allowfullscreen></iframe>",History
50,2026-06-09T20:00:39Z,UCPQsrvUJzs1INc2hroy3nHw,THIS UGANDAN GIRL DID IT TO HIM!!,Welcome back to another episode of the Pan African Dating Show. CONNECT WITH US * Instagram: ...,"{'default': {'url': 'https://i.ytimg.com/vi/kGlK7ynqGZQ/default.jpg', 'width': 120, 'height': 90}, 'medium': {'url': 'https://i.ytimg.com/vi/kGlK7ynqGZQ/mqdefault.jpg', 'width': 320, 'height': 180}, 'high': {'url': 'https://i.ytimg.com/vi/kGlK7ynqGZQ/hqdefault.jpg', 'width': 480, 'height': 360}}",The Pan African Dating Show (The-PDS),none,2026-06-09T20:00:39Z,kGlK7ynqGZQ,"<iframe width=""480"" height=""270"" src=""//www.youtube.com/embed/kGlK7ynqGZQ"" frameborder=""0"" allow=""accelerometer; autoplay; clipboard-write; encrypted-media; gyroscope; picture-in-picture; web-share"" referrerpolicy=""strict-origin-when-cross-origin"" allowfullscreen></iframe>",Social Issues
59,2026-06-08T20:48:31Z,UCOhiR-6Y-MZtMERKRENrcRw,The Kebra Nagast:  Ethiopia’s Sacred Book of Kings,,"{'default': {'url': 'https://i.ytimg.com/vi/iaISvpwOrQU/default.jpg', 'width': 120, 'height': 90}, 'medium': {'url': 'https://i.ytimg.com/vi/iaISvpwOrQU/mqdefault.jpg', 'width': 320, 'height': 180}, 'high': {'url': 'https://i.ytimg.com/vi/iaISvpwOrQU/hqdefault.jpg', 'width': 480, 'height': 360}}",GoBlack2Africa ,none,2026-06-08T20:48:31Z,iaISvpwOrQU,"<iframe width=""480"" height=""270"" src=""//www.youtube.com/embed/iaISvpwOrQU"" frameborder=""0"" allow=""accelerometer; autoplay; clipboard-write; encrypted-media; gyroscope; picture-in-picture; web-share"" referrerpolicy=""strict-origin-when-cross-origin"" allowfullscreen></iframe>",Travel
23,2026-06-08T16:00:00Z,UC2xX2FI6s4i9xz3t9qjayhg,Nina Simone Interview (1985),The great Nina Simone talks about her 1985 album Nina's Back.,"{'default': {'url': 'https://i.ytimg.com/vi/FGsewqS7qX8/default.jpg', 'width': 120, 'height': 90}, 'medium': {'url': 'https://i.ytimg.com/vi/FGsewqS7qX8/mqdefault.jpg', 'width': 320, 'height': 180}, 'high': {'url': 'https://i.ytimg.com/vi/FGsewqS7qX8/hqdefault.jpg', 'width': 480, 'height': 360}}",AfroMarxist,none,2026-06-08T16:00:00Z,FGsewqS7qX8,"<iframe width=""480"" height=""360"" src=""//www.youtube.com/embed/FGsewqS7qX8"" frameborder=""0"" allow=""accelerometer; autoplay; clipboard-write; encrypted-media; gyroscope; picture-in-picture; web-share"" referrerpolicy=""strict-origin-when-cross-origin"" allowfullscreen></iframe>",History
62,2026-04-18T16:18:40Z,UCF71yDQwxfw0QcYb2JnkB5Q,Where should I go? #travel,We're just started a 12-month world tour. Not to find the best places to visit… but the best places to actually live. I honestly don't ...,"{'default': {'url': 'https://i.ytimg.com/vi/YMubsL8X2e4/default.jpg', 'width': 120, 'height': 90}, 'medium': {'url': 'https://i.ytimg.com/vi/YMubsL8X2e4/mqdefault.jpg', 'width': 320, 'height': 180}, 'high': {'url': 'https://i.ytimg.com/vi/YMubsL8X2e4/hqdefault.jpg', 'width': 480, 'height': 360}}",PassportHeavy,none,2026-04-18T16:18:40Z,YMubsL8X2e4,"<iframe width=""480"" height=""270"" src=""//www.youtube.com/embed/YMubsL8X2e4"" frameborder=""0"" allow=""accelerometer; autoplay; clipboard-write; encrypted-media; gyroscope; picture-in-picture; web-share"" referrerpolicy=""strict-origin-when-cross-origin"" allowfullscreen></iframe>",Travel
27,2025-09-27T15:41:10Z,UC__wkIWEfbnTAYVT8j6gfPg,Origins of Ancient Egypt #kemet #africanhistory #ancientegypt #history,,"{'default': {'url': 'https://i.ytimg.com/vi/6_GbuDpE_bk/default.jpg', 'width': 120, 'height': 90}, 'medium': {'url': 'https://i.ytimg.com/vi/6_GbuDpE_bk/mqdefault.jpg', 'width': 320, 'height': 180}, 'high': {'url': 'https://i.ytimg.com/vi/6_GbuDpE_bk/hqdefault.jpg', 'width': 480, 'height': 360}}",Know Thyself,none,2025-09-27T15:41:10Z,6_GbuDpE_bk,"<iframe width=""480"" height=""270"" src=""//www.youtube.com/embed/6_GbuDpE_bk"" frameborder=""0"" allow=""accelerometer; autoplay; clipboard-write; encrypted-media; gyroscope; picture-in-picture; web-share"" referrerpolicy=""strict-origin-when-cross-origin"" allowfullscreen></iframe>",History
54,2025-09-01T07:52:17Z,UCbvE_5m8kmm9U58gDHtzYrA,FUT DRAFT TIME!,Afro Ballers!,"{'default': {'url': 'https://i.ytimg.com/vi/UcEVjoHa4zM/default.jpg', 'width': 120, 'height': 90}, 'medium': {'url': 'https://i.ytimg.com/vi/UcEVjoHa4zM/mqdefault.jpg', 'width': 320, 'height': 180}, 'high': {'url': 'https://i.ytimg.com/vi/UcEVjoHa4zM/hqdefault.jpg', 'width': 480, 'height': 360}}",AfroBallers,none,2025-09-01T07:52:17Z,UcEVjoHa4zM,"<iframe width=""480"" height=""270"" src=""//www.youtube.com/embed/UcEVjoHa4zM"" frameborder=""0"" allow=""accelerometer; autoplay; clipboard-write; encrypted-media; gyroscope; picture-in-picture; web-share"" referrerpolicy=""strict-origin-when-cross-origin"" allowfullscreen></iframe>",Sports
8,2025-01-11T16:00:06Z,UCJH-fn0wLu5uwXX33jNToQw,Samora Machel&#39;s Struggle | How Mozambique’s Revolution Ended Portugal&#39;s Empire,"The most beautiful thing about a man's life is his freedom. He may not have any food, and he may not have any clothing, but at ...","{'default': {'url': 'https://i.ytimg.com/vi/wTwI48jN-fY/default.jpg', 'width': 120, 'height': 90}, 'medium': {'url': 'https://i.ytimg.com/vi/wTwI48jN-fY/mqdefault.jpg', 'width': 320, 'height': 180}, 'high': {'url': 'https://i.ytimg.com/vi/wTwI48jN-fY/hqdefault.jpg', 'width': 480, 'height': 360}}",NewAfrica,none,2025-01-11T16:00:06Z,wTwI48jN-fY,"<iframe width=""480"" height=""270"" src=""//www.youtube.com/embed/wTwI48jN-fY"" frameborder=""0"" allow=""accelerometer; autoplay; clipboard-write; encrypted-media; gyroscope; picture-in-picture; web-share"" referrerpolicy=""strict-origin-when-cross-origin"" allowfullscreen></iframe>",Current Events
29,2024-08-25T18:19:19Z,UCh2ANLALdN1OZUJKmvchkkg,The INSANE True Story of Cleopatra in Pop Culture | Documentary,"Cleopatra is one of the most iconic figures associated with ancient Egypt, but our perception of the queen is not correct.","{'default': {'url': 'https://i.ytimg.com/vi/dwSSQFS-OQY/default.jpg', 'width': 120, 'height': 90}, 'medium': {'url': 'https://i.ytimg.com/vi/dwSSQFS-OQY/mqdefault.jpg', 'width': 320, 'height': 180}, 'high': {'url': 'https://i.ytimg.com/vi/dwSSQFS-OQY/hqdefault.jpg', 'width': 480, 'height': 360}}",Mr. Imhotep,none,2024-08-25T18:19:19Z,dwSSQFS-OQY,"<iframe width=""480"" height=""270"" src=""//www.youtube.com/embed/dwSSQFS-OQY"" frameborder=""0"" allow=""accelerometer; autoplay; clipboard-write; encrypted-media; gyroscope; picture-in-picture; web-share"" referrerpolicy=""strict-origin-when-cross-origin"" allowfullscreen></iframe>",History
57,2024-08-25T18:00:03Z,UCMMTYgqKEgCgy1pR6Axlf0A,"Ex-model moved to Ghana to build a 5 bedroom home, set up 7 businesses and live her dream life",Our guest today left behind her 15 year career in the modelling industry to move to Ghana and start a new life here. This amazing ...,"{'default': {'url': 'https://i.ytimg.com/vi/6TMZcRoGZi4/default.jpg', 'width': 120, 'height': 90}, 'medium': {'url': 'https://i.ytimg.com/vi/6TMZcRoGZi4/mqdefault.jpg', 'width': 320, 'height': 180}, 'high': {'url': 'https://i.ytimg.com/vi/6TMZcRoGZi4/hqdefault.jpg', 'width': 480, 'height': 360}}",Build with Amoaa,none,2024-08-25T18:00:03Z,6TMZcRoGZi4,"<iframe width=""480"" height=""270"" src=""//www.youtube.com/embed/6TMZcRoGZi4"" frameborder=""0"" allow=""accelerometer; autoplay; clipboard-write; encrypted-media; gyroscope; picture-in-picture; web-share"" referrerpolicy=""strict-origin-when-cross-origin"" allowfullscreen></iframe>",Travel
28,2024-07-08T12:10:25Z,UCHbmePHjGH3pklvSla6szWw,You Wouldn&#39;t Survive In Ancient Egypt | REACTION - KueliMika,Today we are reacting to the video You Wouldn't Survive In Ancient Egypt.,"{'default': {'url': 'https://i.ytimg.com/vi/qFbr17zUKYE/default.jpg', 'width': 120, 'height': 90}, 'medium': {'url': 'https://i.ytimg.com/vi/qFbr17zUKYE/mqdefault.jpg', 'width': 320, 'height': 180}, 'high': {'url': 'https://i.ytimg.com/vi/qFbr17zUKYE/hqdefault.jpg', 'width': 480, 'height': 360}}",KueliMika,none,2024-07-08T12:10:25Z,qFbr17zUKYE,"<iframe width=""480"" height=""270"" src=""//www.youtube.com/embed/qFbr17zUKYE"" frameborder=""0"" allow=""accelerometer; autoplay; clipboard-write; encrypted-media; gyroscope; picture-in-picture; web-share"" referrerpolicy=""strict-origin-when-cross-origin"" allowfullscreen></iframe>",History
34,2024-04-25T23:00:06Z,UCTTQWaoGloNuhunZevQ2F6g,"Kuubwa Transforming African Businesses: Fabric Weaver, Fish Farmers","Kuubwa Transforms African Businesses: Fish Farmers, Fabric Manufacturers and more.","{'default': {'url': 'https://i.ytimg.com/vi/gC02Wht1UQQ/default.jpg', 'width': 120, 'height': 90}, 'medium': {'url': 'https://i.ytimg.com/vi/gC02Wht1UQQ/mqdefault.jpg', 'width': 320, 'height': 180}, 'high': {'url': 'https://i.ytimg.com/vi/gC02Wht1UQQ/hqdefault.jpg', 'width': 480, 'height': 360}}",Africa Business Channel TV,none,2024-04-25T23:00:06Z,gC02Wht1UQQ,"<iframe width=""480"" height=""270"" src=""//www.youtube.com/embed/gC02Wht1UQQ"" frameborder=""0"" allow=""accelerometer; autoplay; clipboard-write; encrypted-media; gyroscope; picture-in-picture; web-share"" referrerpolicy=""strict-origin-when-cross-origin"" allowfullscreen></iframe>",Productivity
31,2024-04-11T05:04:02Z,UCuvO0y2EU_kRfYzlhGJNOKA,How Did America&#39;s Wealthy Elite Re Write World History,"The United States was supposed to be a democratically run country. However, that has not been the case since the turn of the ...","{'default': {'url': 'https://i.ytimg.com/vi/RPSnS-ucmOA/default.jpg', 'width': 120, 'height': 90}, 'medium': {'url': 'https://i.ytimg.com/vi/RPSnS-ucmOA/mqdefault.jpg', 'width': 320, 'height': 180}, 'high': {'url': 'https://i.ytimg.com/vi/RPSnS-ucmOA/hqdefault.jpg', 'width': 480, 'height': 360}}",Straight UP,none,2024-04-11T05:04:02Z,RPSnS-ucmOA,"<iframe width=""480"" height=""270"" src=""//www.youtube.com/embed/RPSnS-ucmOA"" frameborder=""0"" allow=""accelerometer; autoplay; clipboard-write; encrypted-media; gyroscope; picture-in-picture; web-share"" referrerpolicy=""strict-origin-when-cross-origin"" allowfullscreen></iframe>",History
